City_ID,City,Country,Date,Lat,Lng,Max Temp,Humidity,Cloudiness,Wind Speed
0,Provideniya,RU,2022-02-04 15:18:50,64.3833,-173.3,-0.45,65,7,16.6
1,Port Alfred,ZA,2022-02-04 15:18:50,-33.5906,26.891,69.42,75,100,10.47
2,Saint George,US,2022-02-04 15:15:21,37.1041,-113.5841,33.35,51,0,4.0
3,Kulu,TR,2022-02-04 15:18:51,39.0951,33.0799,27.05,78,16,12.17
4,Pervomayskoye,RU,2022-02-04 15:18:51,43.919,46.7102,43.83,77,100,6.42
5,Saint-Philippe,RE,2022-02-04 15:18:52,-21.3585,55.7679,81.95,87,100,27.98
6,Punta Arenas,CL,2022-02-04 15:18:19,-53.15,-70.9167,51.91,43,0,10.36
7,Osoyoos,CA,2022-02-04 15:15:21,49.0331,-119.4524,30.34,80,100,8.05
8,Rikitea,PF,2022-02-04 15:17:43,-23.1203,-134.9692,77.77,73,100,12.08
9,Sorong,ID,2022-02-04 15:18:52,-0.8833,131.25,81.27,81,100,10.87
10,Balkanabat,TM,2022-02-04 15:18:52,39.5108,54.3671,59.34,31,74,4.14
11,Roald,NO,2022-02-04 15:18:53,62.5833,6.1333,39.25,93,100,24.16
12,Nordby,DK,2022-02-04 15:18:53,55.446,8.3979,37.81,96,100,10.36
13,Narasannapeta,IN,2022-02-04 15:18:53,18.4167,84.05,73.42,84,1,9.46
14,Ocos,GT,2022-02-04 15:18:53,14.5094,-92.1933,87.73,62,1,10.54
15,Pak Phanang,TH,2022-02-04 15:18:54,8.3511,100.202,79.07,81,6,11.18
16,Puerto Ayora,EC,2022-02-04 15:18:54,-0.7393,-90.3518,78.76,93,16,4.0
17,Mataura,NZ,2022-02-04 15:18:54,-46.1927,168.8643,49.48,99,100,1.79
18,Barrow,US,2022-02-04 15:18:55,71.2906,-156.7887,-29.18,99,0,8.05
19,Port Hedland,AU,2022-02-04 15:18:55,-20.3167,118.5667,84.25,84,75,5.75
20,Hobart,AU,2022-02-04 15:15:02,-42.8794,147.3294,59.25,85,100,5.75
21,Vaini,TO,2022-02-04 15:18:55,-21.2,-175.2,77.16,100,100,6.91
22,Avera,US,2022-02-04 15:18:56,33.194,-82.5271,64.27,94,100,10.58
23,Bereda,ES,2022-02-04 15:18:56,43.2686,-7.5406,53.42,90,100,3.98
24,Zhigansk,RU,2022-02-04 15:18:56,66.7697,123.3711,-37.59,100,80,3.13
25,Ndjole,GA,2022-02-04 15:18:57,-0.1783,10.7649,86.07,65,85,3.78
26,Mazamitla,MX,2022-02-04 15:18:57,19.9167,-103.0333,56.28,34,4,0.58
27,Mangan,IN,2022-02-04 15:18:57,27.5167,88.5333,47.88,99,100,0.96
28,Nouna,BF,2022-02-04 15:18:58,12.7333,-3.8667,92.41,6,12,9.62
29,Turan,VN,2022-02-04 15:18:58,16.0678,108.2208,67.98,83,75,4.61
30,Tiksi,RU,2022-02-04 15:18:58,71.6872,128.8694,-18.62,99,98,6.13
31,Vila Franca Do Campo,PT,2022-02-04 15:18:59,37.7167,-25.4333,65.19,63,100,11.5
32,Hilo,US,2022-02-04 15:17:32,19.7297,-155.09,68.25,76,0,6.91
33,Vila Velha,BR,2022-02-04 15:18:59,-20.3297,-40.2925,78.75,83,75,20.71
34,Bambous Virieux,MU,2022-02-04 15:18:59,-20.3428,57.7575,80.22,94,75,17.27
35,Rio Gallegos,AR,2022-02-04 15:17:25,-51.6226,-69.2181,50.05,43,40,10.36
36,Albany,US,2022-02-04 15:19:00,42.6001,-73.9662,29.75,86,100,1.99
37,Soyo,AO,2022-02-04 15:17:37,-6.1349,12.3689,82.02,64,92,10.18
38,Khandbari,NP,2022-02-04 15:19:00,27.3747,87.2039,48.67,94,99,2.13
39,Sao Joao Do Paraiso,BR,2022-02-04 15:19:00,-15.3136,-42.0144,81.09,61,75,2.93
40,Airai,TL,2022-02-04 15:19:01,-8.9266,125.4092,61.34,90,100,1.97
41,Kawalu,ID,2022-02-04 15:19:01,-7.3817,108.2082,73.54,95,91,1.1
42,Ushuaia,AR,2022-02-04 15:19:01,-54.8,-68.3,49.66,50,0,17.27
43,Batagay,RU,2022-02-04 15:19:02,67.6333,134.6333,-38.74,99,35,2.71
44,Nikolskoye,RU,2022-02-04 15:19:02,59.7035,30.7861,19.29,97,83,6.42
45,Iqaluit,CA,2022-02-04 15:20:02,63.7506,-68.5145,-13.27,53,100,9.22
46,Yerbogachen,RU,2022-02-04 15:20:03,61.2767,108.0108,-16.74,100,83,3.18
47,Butaritari,KI,2022-02-04 15:20:04,3.0707,172.7902,81.93,76,12,16.31
48,Kapaa,US,2022-02-04 15:20:05,22.0752,-159.319,66.18,88,0,6.91
49,Tomatlan,MX,2022-02-04 15:20:05,19.9333,-105.25,71.13,50,64,1.52
50,Novyye Burasy,RU,2022-02-04 15:20:06,52.1324,46.0714,32.76,99,100,4.9
51,Gimli,CA,2022-02-04 15:20:06,50.6336,-96.9907,-14.87,76,82,8.05
52,Jamestown,US,2022-02-04 15:17:15,42.097,-79.2353,20.52,62,100,4.0
53,Qaanaaq,GL,2022-02-04 15:20:07,77.484,-69.3632,-7.49,60,100,8.86
54,Port Augusta,AU,2022-02-04 15:19:19,-32.5,137.7667,71.38,41,45,6.67
55,Bredasdorp,ZA,2022-02-04 15:20:07,-34.5322,20.0403,71.28,46,43,14.97
56,New Norfolk,AU,2022-02-04 15:20:08,-42.7826,147.0587,58.91,72,79,1.48
57,Sambava,MG,2022-02-04 15:20:08,-14.2667,50.1667,82.29,75,100,4.23
58,Cockburn Town,TC,2022-02-04 15:16:15,21.4612,-71.1419,75.92,71,0,19.77
59,Cherskiy,RU,2022-02-04 15:20:09,68.75,161.3,-34.46,99,8,3.67
60,Seminole,US,2022-02-04 15:18:44,28.7086,-81.2081,78.08,78,0,1.01
61,Avarua,CK,2022-02-04 15:20:09,-21.2078,-159.775,77.05,83,100,5.75
62,Ilulissat,GL,2022-02-04 15:20:09,69.2167,-51.1,12.22,67,75,23.02
63,Faanui,PF,2022-02-04 15:20:10,-16.4833,-151.75,80.64,72,20,12.62
64,Bluff,NZ,2022-02-04 15:20:10,-46.6,168.3333,49.8,70,73,12.66
65,Sumbe,AO,2022-02-04 15:20:10,-11.2061,13.8437,79.84,66,58,9.89
66,Busselton,AU,2022-02-04 15:17:42,-33.65,115.3333,74.08,75,0,7.4
67,Cidreira,BR,2022-02-04 15:20:10,-30.1811,-50.2056,78.13,73,100,1.52
68,Boende,CD,2022-02-04 15:20:11,-0.2167,20.8667,96.06,23,93,2.95
69,Jeremie,HT,2022-02-04 15:20:11,18.65,-74.1167,78.91,73,70,13.53
70,Puerto Princesa,PH,2022-02-04 15:16:25,9.7392,118.7353,78.06,86,74,14.43
71,Mataram,ID,2022-02-04 15:20:11,-8.5833,116.1167,77.81,81,95,2.13
72,Batagay-Alyta,RU,2022-02-04 15:20:12,67.8006,130.4114,-27.26,99,11,3.4
73,Hamilton,US,2022-02-04 15:20:12,39.1834,-84.5333,22.03,89,100,1.99
74,Ternate,ID,2022-02-04 15:20:12,0.8,127.4,80.37,79,69,3.94
75,Atuona,PF,2022-02-04 15:20:13,-9.8,-139.0333,78.22,73,14,17.2
76,Praia Da Vitoria,PT,2022-02-04 15:20:13,38.7333,-27.0667,61.75,100,75,10.54
77,Mahebourg,MU,2022-02-04 15:20:13,-20.4081,57.7,80.26,94,75,17.27
78,Karratha,AU,2022-02-04 15:20:14,-20.7377,116.8463,85.46,68,87,8.25
79,Qasigiannguit,GL,2022-02-04 15:20:14,68.8193,-51.1922,12.45,99,100,5.68
80,Cape Town,ZA,2022-02-04 15:18:18,-33.9258,18.4232,73.81,48,0,5.01
81,Moba,CN,2022-02-04 15:20:14,33.2288,105.0179,27.48,91,100,2.71
82,Port Elizabeth,ZA,2022-02-04 15:20:15,-33.918,25.5701,71.1,73,75,12.66
83,Pemberton,CA,2022-02-04 15:20:15,50.3164,-122.8027,31.86,98,100,6.71
84,Hobyo,SO,2022-02-04 15:20:15,5.3505,48.5268,77.85,65,8,17.74
85,Qurayyat,SA,2022-02-04 15:20:16,31.3318,37.3428,55.58,30,40,11.5
86,Fortuna,US,2022-02-04 15:20:16,40.5982,-124.1573,43.99,93,100,3.0
87,Ketchikan,US,2022-02-04 15:20:16,55.3422,-131.6461,45.07,93,75,16.11
88,Coquimbo,CL,2022-02-04 15:20:17,-29.9533,-71.3436,69.12,70,0,5.17
89,Esperance,AU,2022-02-04 15:20:17,-33.8667,121.9,66.63,72,0,16.64
90,Bayan,CN,2022-02-04 15:20:17,46.0833,127.4,-15.03,100,23,4.36
91,Namanga,KE,2022-02-04 15:20:17,-2.5433,36.7905,81.88,33,100,12.95
92,Kruisfontein,ZA,2022-02-04 15:20:18,-34.0033,24.7314,68.88,58,100,8.86
93,Hasaki,JP,2022-02-04 15:20:18,35.7333,140.8333,30.6,90,99,11.54
94,Mar Del Plata,AR,2022-02-04 15:16:27,-38.0023,-57.5575,75.22,93,75,10.0
95,Teteven,BG,2022-02-04 15:21:19,42.9167,24.2667,42.53,63,40,1.59
96,Thompson,CA,2022-02-04 15:21:19,55.7435,-97.8558,-30.84,75,0,9.22
97,Okato,NZ,2022-02-04 15:21:20,-39.2,173.8833,69.91,92,98,17.6
98,Hermanus,ZA,2022-02-04 15:21:20,-34.4187,19.2345,78.91,52,7,24.09
99,Castro,BR,2022-02-04 15:21:20,-24.7911,-50.0119,66.18,97,100,7.61
100,Longyearbyen,SJ,2022-02-04 15:21:20,78.2186,15.6401,19.24,68,20,17.27
101,Surt,LY,2022-02-04 15:21:21,31.2089,16.5887,59.32,61,0,5.39
102,Ulladulla,AU,2022-02-04 15:21:21,-35.35,150.4667,62.1,85,90,8.79
103,Ribeira Grande,PT,2022-02-04 15:21:21,38.5167,-28.7,63.0,77,40,18.41
104,Oriximina,BR,2022-02-04 15:21:22,-1.7656,-55.8661,74.68,91,100,4.43
105,Bethel,US,2022-02-04 15:21:22,41.3712,-73.414,38.5,91,100,1.01
106,Lompoc,US,2022-02-04 15:21:22,34.6391,-120.4579,51.51,82,0,8.05
107,Athabasca,CA,2022-02-04 15:21:23,54.7169,-113.2854,-3.59,97,100,10.83
108,Awbari,LY,2022-02-04 15:21:23,26.5921,12.7805,64.22,26,0,8.03
109,Todos Santos,MX,2022-02-04 15:21:23,23.45,-110.2167,60.12,68,0,6.98
110,Sao Joao Da Barra,BR,2022-02-04 15:21:24,-21.6403,-41.0511,86.09,81,100,8.75
111,Berlevag,NO,2022-02-04 15:21:24,70.8578,29.0864,13.95,73,40,6.91
112,Yokadouma,CM,2022-02-04 15:21:24,3.5167,15.05,95.11,12,73,5.53
113,Port Hawkesbury,CA,2022-02-04 15:21:25,45.6169,-61.3485,33.19,98,100,12.66
114,Dikson,RU,2022-02-04 15:18:18,73.5069,80.5464,-2.13,90,100,5.17
115,Hithadhoo,MV,2022-02-04 15:21:25,-0.6,73.0833,82.33,73,44,11.32
116,Vawkavysk,BY,2022-02-04 15:21:25,53.1561,24.4513,31.71,97,100,11.21
117,Rtishchevo,RU,2022-02-04 15:21:26,52.2604,43.7874,22.3,92,100,10.29
118,Szubin,PL,2022-02-04 15:21:26,53.0097,17.74,43.41,81,75,9.22
119,Sur,OM,2022-02-04 15:18:56,22.5667,59.5289,72.03,52,21,4.7
120,Baruun-Urt,MN,2022-02-04 15:21:26,46.6806,113.2792,-5.33,90,8,6.93
121,Ponta Do Sol,PT,2022-02-04 15:21:27,32.6667,-17.1,73.0,76,87,2.33
122,Arraial Do Cabo,BR,2022-02-04 15:21:27,-22.9661,-42.0278,85.96,78,40,17.27
123,Atenas De San Cristobal,HN,2022-02-04 15:21:27,15.6833,-87.3167,80.46,83,0,2.3
124,Mustasaari,FI,2022-02-04 15:21:27,63.1142,21.6822,30.15,86,100,20.71
125,Victoria,HK,2022-02-04 15:20:56,22.2855,114.1577,58.32,72,7,1.01
126,Muravlenko,RU,2022-02-04 15:21:28,63.7898,74.523,14.36,96,98,7.4
127,Yellowknife,CA,2022-02-04 15:17:30,62.456,-114.3525,-39.44,82,20,2.3
128,Sarangani,PH,2022-02-04 15:21:28,5.4033,125.4636,80.02,74,100,20.62
129,Miraflores,MX,2022-02-04 15:21:29,19.2167,-98.8083,60.03,41,0,3.44
130,Lavrentiya,RU,2022-02-04 15:21:29,65.5833,-171.0,1.17,53,0,18.48
131,Vardo,NO,2022-02-04 15:21:29,70.3705,31.1107,19.38,79,40,21.85
132,Sheridan,US,2022-02-04 15:21:29,44.8333,-106.9173,28.58,75,0,4.61
133,Flin Flon,CA,2022-02-04 15:21:30,54.7682,-101.865,-29.36,68,40,5.75
134,Malatya,TR,2022-02-04 15:21:30,38.5,38.0,33.85,87,75,5.75
135,Constitucion,CL,2022-02-04 15:21:30,-35.3333,-72.4167,68.79,66,10,7.56
136,Cerrito,CO,2022-02-04 15:21:31,6.8432,-72.694,56.59,67,84,2.08
137,Narsaq,GL,2022-02-04 15:21:31,60.9167,-46.05,12.42,63,97,25.86
138,Hermitage,US,2022-02-04 15:21:31,41.2334,-80.4487,22.32,88,100,1.99
139,Iracoubo,GF,2022-02-04 15:21:32,5.4802,-53.2011,78.76,89,85,10.83
140,Ahipara,NZ,2022-02-04 15:21:32,-35.1667,173.1667,71.28,87,95,14.74
141,Carnarvon,AU,2022-02-04 15:22:32,-24.8667,113.6333,82.58,61,8,15.66
142,Cap Malheureux,MU,2022-02-04 15:22:33,-19.9842,57.6142,80.47,83,100,8.99
143,Malakal,SS,2022-02-04 15:22:33,9.5334,31.6605,93.06,11,79,10.96
144,Cabo San Lucas,MX,2022-02-04 15:19:40,22.8909,-109.9124,65.52,67,20,3.44
145,East London,ZA,2022-02-04 15:22:33,-33.0153,27.9116,65.34,100,75,8.05
146,Laem Sing,TH,2022-02-04 15:22:34,12.4816,102.0738,83.14,80,22,3.44
147,Muroto,JP,2022-02-04 15:22:34,33.2833,134.15,43.2,53,0,15.79
148,Shingu,JP,2022-02-04 15:22:34,33.7333,135.9833,41.92,58,3,13.47
149,Santa Cruz De Tenerife,ES,2022-02-04 15:22:34,28.4682,-16.2546,76.01,55,20,5.01
150,Kerema,PG,2022-02-04 15:22:35,-7.9631,145.7785,76.91,87,98,8.57
151,Pitimbu,BR,2022-02-04 15:22:35,-7.4706,-34.8086,88.39,59,49,11.92
152,Dali,CN,2022-02-04 15:22:35,25.7,100.1833,43.77,70,0,4.23
153,Cristalina,BR,2022-02-04 15:22:36,-16.7686,-47.6136,77.79,64,45,2.66
154,Morro Bay,US,2022-02-04 15:22:36,35.3658,-120.8499,47.34,68,21,5.91
155,Burriana,ES,2022-02-04 15:22:36,39.889,-0.085,68.95,60,100,5.5
156,Batocina,RS,2022-02-04 15:22:37,44.1536,21.0817,51.15,60,41,6.46
157,Lagoa,PT,2022-02-04 15:22:37,39.05,-27.9833,57.94,81,91,19.46
158,Upernavik,GL,2022-02-04 15:22:37,72.7868,-56.1549,5.88,96,100,3.58
159,Naze,JP,2022-02-04 15:22:37,28.3667,129.4833,52.54,59,96,17.29
160,Chapais,CA,2022-02-04 15:17:46,49.7834,-74.8492,-16.82,91,66,4.0
161,Aripuana,BR,2022-02-04 15:22:38,-9.1667,-60.6333,81.5,84,63,1.7
162,Nioro,GM,2022-02-04 15:18:08,13.35,-15.75,99.25,5,0,7.47
163,Codrington,AU,2022-02-04 15:22:38,-38.2667,141.9667,55.35,92,68,8.81
164,Lorengau,PG,2022-02-04 15:22:39,-2.0226,147.2712,80.62,75,76,6.85
165,Hazorasp,UZ,2022-02-04 15:22:39,41.3194,61.0742,39.04,47,46,14.27
166,Amboise,FR,2022-02-04 15:22:39,47.4125,0.9827,52.27,83,75,11.5
167,Korla,CN,2022-02-04 15:22:39,41.7597,86.1469,27.57,46,100,5.41
168,Chuy,UY,2022-02-04 15:22:40,-33.6971,-53.4616,79.72,72,32,6.26
169,Sao Filipe,CV,2022-02-04 15:22:40,14.8961,-24.4956,75.65,65,0,8.7
170,Aykhal,RU,2022-02-04 15:18:59,66.0,111.5,-24.81,100,80,3.47
171,Bocas Del Toro,PA,2022-02-04 15:22:40,9.3333,-82.25,88.07,69,22,6.26
172,Lahat,ID,2022-02-04 15:22:41,-3.8,103.5333,74.05,96,100,1.92
173,Egvekinot,RU,2022-02-04 15:22:41,66.3167,-179.1667,-2.04,63,0,16.2
174,Hambantota,LK,2022-02-04 15:22:41,6.1241,81.1185,77.79,76,33,5.7
175,Murdochville,CA,2022-02-04 15:22:42,48.9583,-65.5006,4.08,90,100,7.94
176,Hervey Bay,AU,2022-02-04 15:22:42,-25.2986,152.8535,71.04,80,100,10.0
177,Port Lincoln,AU,2022-02-04 15:22:42,-34.7333,135.8667,63.28,78,40,16.44
178,Hami,CN,2022-02-04 15:22:43,42.8,93.45,25.29,34,84,4.41
179,Broken Hill,AU,2022-02-04 15:22:43,-31.95,141.4333,69.13,29,100,12.57
180,Laguna,US,2022-02-04 15:22:43,38.421,-121.4238,47.77,93,0,0.0
181,Turbat,PK,2022-02-04 15:22:43,26.0023,63.044,72.28,15,0,3.85
182,Anadyr,RU,2022-02-04 15:22:44,64.75,177.4833,-6.92,73,0,9.95
183,San Isidro,PE,2022-02-04 15:22:44,-12.1167,-77.05,76.5,73,0,1.01
184,Georgetown,MY,2022-02-04 15:21:37,5.4112,100.3354,79.9,93,40,2.3
185,Martapura,ID,2022-02-04 15:22:44,-3.4167,114.85,75.29,100,75,3.44
186,Ahuimanu,US,2022-02-04 15:22:45,21.4447,-157.8378,68.45,86,0,3.44
187,Fairbanks,US,2022-02-04 15:20:37,64.8378,-147.7164,1.24,68,100,3.44
188,Zhenhai,CN,2022-02-04 15:23:45,24.2582,118.0905,52.09,82,99,20.27
189,Poshekhonye,RU,2022-02-04 15:23:45,58.4993,39.1353,7.48,100,79,4.27
190,Young,UY,2022-02-04 15:23:46,-32.6833,-57.6333,83.23,43,9,6.42
191,Margate,GB,2022-02-04 15:23:46,51.3813,1.3862,46.96,75,60,22.32
192,Coihaique,CL,2022-02-04 15:19:02,-45.5752,-72.0662,63.21,55,20,6.91
193,Comodoro Rivadavia,AR,2022-02-04 15:23:46,-45.8667,-67.5,57.06,67,40,14.97
194,Dakar,SN,2022-02-04 15:23:01,14.6937,-17.4441,94.08,35,0,4.61
195,Turayf,SA,2022-02-04 15:23:46,31.6725,38.6637,50.25,57,40,13.8
196,Snasa,NO,2022-02-04 15:23:47,64.2457,12.3778,31.41,95,100,4.23
197,Los Llanos De Aridane,ES,2022-02-04 15:23:47,28.6585,-17.9182,67.75,66,20,4.0
198,Saskylakh,RU,2022-02-04 15:23:47,71.9167,114.0833,-8.48,99,100,4.12
199,Borogontsy,RU,2022-02-04 15:23:48,62.6683,131.1683,-33.84,100,100,0.56
200,Matara,LK,2022-02-04 15:23:48,5.9485,80.5353,75.61,76,57,2.57
201,Pevek,RU,2022-02-04 15:23:48,69.7008,170.3133,-23.19,100,95,4.12
202,Leningradskiy,RU,2022-02-04 15:23:49,69.3833,178.4167,-17.21,88,3,5.41
203,Carbonia,IT,2022-02-04 15:23:49,39.1672,8.5222,68.65,60,5,7.09
204,Lubao,PH,2022-02-04 15:23:49,14.9167,120.55,80.15,77,54,6.06
205,Kiruna,SE,2022-02-04 15:20:10,67.8557,20.2251,2.32,85,100,3.44
206,Tuktoyaktuk,CA,2022-02-04 15:23:49,69.4541,-133.0374,-25.6,68,20,8.05
207,Soma,TR,2022-02-04 15:20:09,39.1855,27.6094,42.98,65,56,9.04
208,Touros,BR,2022-02-04 15:23:50,-5.1989,-35.4608,88.7,55,78,16.96
209,Avila,ES,2022-02-04 15:23:50,40.5833,-5.0,47.64,48,100,7.25
210,Dingle,PH,2022-02-04 15:23:50,10.9995,122.6711,73.72,93,100,12.3
211,Port Blair,IN,2022-02-04 15:23:51,11.6667,92.75,78.84,83,40,2.3
212,Gat,IL,2022-02-04 15:23:00,31.61,34.7642,54.28,100,82,9.48
213,Alekseyevsk,RU,2022-02-04 15:23:51,57.8406,108.3492,13.1,94,100,9.82
214,Juneau,US,2022-02-04 15:23:51,58.3019,-134.4197,35.1,94,100,12.66
215,Green River,US,2022-02-04 15:23:51,41.5286,-109.4662,19.15,74,3,3.38
216,Lakselv,NO,2022-02-04 15:23:52,70.0513,24.9718,12.74,79,100,25.32
217,Tomigusuku,JP,2022-02-04 15:23:52,26.185,127.675,60.57,72,75,16.11
218,Kavieng,PG,2022-02-04 15:23:52,-2.5744,150.7967,82.65,69,100,9.75
219,Bilibino,RU,2022-02-04 15:23:52,68.0546,166.4372,-9.58,78,0,4.99
220,Chokurdakh,RU,2022-02-04 15:23:53,70.6333,147.9167,-30.19,100,48,1.63
221,Kloulklubed,PW,2022-02-04 15:23:53,7.0419,134.2556,81.1,81,18,15.39
222,Simpang,ID,2022-02-04 15:23:53,-1.2667,104.0833,75.34,89,11,1.36
223,Port Keats,AU,2022-02-04 15:23:54,-14.25,129.55,80.58,83,99,5.28
224,Porto Novo,BJ,2022-02-04 15:23:54,6.4965,2.6036,88.99,49,5,11.79
225,Tanabe,JP,2022-02-04 15:23:54,33.7333,135.3667,41.94,44,10,7.0
226,Kurilsk,RU,2022-02-04 15:23:55,45.2333,147.8833,23.05,82,100,12.5
227,Comarapa,BO,2022-02-04 15:23:55,-17.9,-64.4833,61.84,88,100,4.38
228,Tigre,AR,2022-02-04 15:23:55,-34.426,-58.5796,82.2,60,40,4.61
229,Olafsvik,IS,2022-02-04 15:23:56,64.8945,-23.7142,29.07,67,62,8.28
230,Vanavara,RU,2022-02-04 15:23:56,60.34,102.2797,2.84,99,93,4.59
231,Kahului,US,2022-02-04 15:23:56,20.8947,-156.47,67.84,81,0,3.44
232,Khorixas,NA,2022-02-04 15:23:56,-20.3667,14.9667,80.76,45,81,9.51
233,Grindavik,IS,2022-02-04 15:23:57,63.8424,-22.4338,30.15,69,75,3.44
234,Saldanha,ZA,2022-02-04 15:23:57,-33.0117,17.9442,77.05,63,0,26.62
235,Zhangye,CN,2022-02-04 15:23:57,38.9342,100.4517,20.62,32,100,3.4
236,Puerto Suarez,BO,2022-02-04 15:23:58,-18.95,-57.8,88.36,70,75,11.5
237,Guerrero Negro,MX,2022-02-04 15:24:58,27.9769,-114.0611,51.03,41,0,2.46
238,Manicore,BR,2022-02-04 15:24:58,-5.8092,-61.3003,81.77,85,100,2.1
239,Hovd,MN,2022-02-04 15:24:59,48.0056,91.6419,-9.04,84,11,4.09
240,Dukat,RU,2022-02-04 15:24:59,62.55,155.55,-15.57,66,92,8.88
241,Salcininkai,LT,2022-02-04 15:24:59,54.3,25.3833,26.69,95,98,11.81
242,Vao,NC,2022-02-04 15:25:00,-22.6667,167.4833,80.04,85,97,15.1
243,Santa Cruz,BO,2022-02-04 15:25:00,-17.8,-63.1667,84.25,70,75,19.57
244,Ancud,CL,2022-02-04 15:25:00,-41.8697,-73.8203,63.43,76,88,2.13
245,Caranavi,BO,2022-02-04 15:25:00,-15.8167,-67.55,72.9,86,100,2.71
246,Rumonge,BI,2022-02-04 15:25:01,-3.9736,29.4386,76.24,79,100,6.33
247,Ishigaki,JP,2022-02-04 15:25:01,24.3448,124.1572,63.21,79,100,29.82
248,Tromso,NO,2022-02-04 15:25:01,69.6496,18.957,21.22,73,75,28.77
249,Auki,SB,2022-02-04 15:25:02,-8.7676,160.7034,77.41,87,100,4.5
250,Mpongwe,ZM,2022-02-04 15:25:02,-13.5091,28.155,67.59,87,100,6.64
251,Maldonado,UY,2022-02-04 15:25:02,-34.6667,-54.9167,76.39,70,75,11.52
252,Luklukan,PH,2022-02-04 15:25:03,14.3254,122.7124,75.18,90,99,12.35
253,Sola,VU,2022-02-04 15:25:03,-13.8833,167.55,81.43,80,100,26.15
254,Gasa,PS,2022-02-04 15:23:48,31.5,34.4667,55.38,63,93,9.98
255,Katobu,ID,2022-02-04 15:25:04,-4.9408,122.5276,75.7,91,82,2.95
256,Bodden Town,KY,2022-02-04 15:25:04,19.2833,-81.25,84.0,71,20,8.99
257,College,US,2022-02-04 15:25:04,64.8569,-147.8028,1.22,68,75,0.0
258,Loandjili,CG,2022-02-04 15:25:05,-4.7561,11.8578,86.11,62,20,10.36
259,Preobrazheniye,RU,2022-02-04 15:25:05,42.9019,133.9064,9.97,59,77,8.93
260,Svarstad,NO,2022-02-04 15:25:06,59.399,9.9698,39.36,48,100,3.0
261,Wewak,PG,2022-02-04 15:25:06,-3.5534,143.6268,80.02,83,93,12.55
262,Burnie,AU,2022-02-04 15:25:06,-41.0667,145.9167,58.95,84,61,3.29
263,Emerald,AU,2022-02-04 15:25:07,-23.5333,148.1667,75.34,57,23,10.36
264,Beringovskiy,RU,2022-02-04 15:25:07,63.05,179.3167,-7.91,87,100,16.55
265,Winslow,US,2022-02-04 15:25:07,35.0242,-110.6974,19.29,44,0,0.0
266,Bambanglipuro,ID,2022-02-04 15:25:08,-7.95,110.2833,77.83,87,93,4.34
267,Kununurra,AU,2022-02-04 15:25:08,-15.7667,128.7333,78.78,94,100,0.0
268,Coxim,BR,2022-02-04 15:24:46,-18.5067,-54.76,86.54,63,100,8.19
269,Moerai,PF,2022-02-04 15:25:08,-22.4333,-151.3333,78.08,79,40,18.01
270,Katsuura,JP,2022-02-04 15:25:08,35.1333,140.3,48.22,88,23,11.43
271,Kant,IN,2022-02-04 15:25:09,27.8,79.8,53.15,90,21,6.4
272,Tumwater,US,2022-02-04 15:25:09,47.0073,-122.9093,43.32,87,100,1.99
273,Juba,SS,2022-02-04 15:25:09,4.8517,31.5825,96.94,14,97,6.73
274,Kenai,US,2022-02-04 15:25:10,60.5544,-151.2583,20.03,95,100,0.0
275,Praia,CV,2022-02-04 15:22:16,14.9215,-23.5087,84.74,32,0,18.41
276,Katangli,RU,2022-02-04 15:25:10,51.7102,143.2326,4.8,93,100,16.67
277,Ojinaga,MX,2022-02-04 15:22:00,29.5667,-104.4167,27.57,63,0,4.61
278,Koshurnikovo,RU,2022-02-04 15:25:11,54.1667,93.3,-7.26,100,51,3.87
279,Tucuman,AR,2022-02-04 15:25:11,-26.8241,-65.2226,80.6,69,75,6.91
280,Mandera,KE,2022-02-04 15:26:11,3.9366,41.867,96.35,12,100,13.69
281,Isangel,VU,2022-02-04 15:26:12,-19.55,169.2667,78.58,88,100,12.39
282,Arkhipo-Osipovka,RU,2022-02-04 15:26:12,44.37,38.52,36.9,81,100,10.76
283,Resistencia,AR,2022-02-04 15:26:12,-27.4606,-58.9839,96.1,46,20,8.05
284,Skelleftea,SE,2022-02-04 15:26:13,64.7507,20.9528,28.0,69,100,5.99
285,Banff,CA,2022-02-04 15:26:13,51.1762,-115.5698,31.23,79,100,10.36
286,Pangody,RU,2022-02-04 15:26:14,65.85,74.4859,9.82,97,100,3.4
287,Bantou,CN,2022-02-04 15:26:14,26.2151,117.4893,44.92,92,100,2.75
288,Den Helder,NL,2022-02-04 15:26:14,52.9599,4.7593,40.06,88,75,14.0
289,Labuhan,ID,2022-02-04 15:26:14,-6.8844,112.2051,78.01,88,100,6.53
290,Nikolayevsk-Na-Amure,RU,2022-02-04 15:26:15,53.1406,140.73,0.57,98,99,4.99
291,Namatanai,PG,2022-02-04 15:26:15,-3.6667,152.4333,79.75,80,100,7.4
292,Saint-Augustin,CA,2022-02-04 15:26:15,51.226,-58.6502,-4.25,72,100,9.13
293,Sembakung,ID,2022-02-04 15:26:16,3.8167,117.25,78.73,96,64,1.01
294,Yatou,CN,2022-02-04 15:26:16,37.15,122.3833,25.59,56,89,9.86
295,Hirara,JP,2022-02-04 15:26:16,24.8,125.2833,62.28,78,100,29.17
296,Palana,RU,2022-02-04 15:26:17,59.1167,159.9667,10.65,83,100,12.03
297,Mitsamiouli,KM,2022-02-04 15:26:17,-11.3847,43.2844,84.49,84,75,8.05
298,Husavik,IS,2022-02-04 15:26:17,66.0449,-17.3389,28.31,92,100,21.0
299,Kamenka,RU,2022-02-04 15:26:18,51.3223,42.7678,22.75,88,100,12.06
300,Havelock,US,2022-02-04 15:26:18,34.8791,-76.9013,74.05,87,100,10.0
301,Kodiak,US,2022-02-04 15:26:18,57.79,-152.4072,29.71,93,0,6.91
302,Hirado,JP,2022-02-04 15:26:19,33.3597,129.5531,41.4,62,95,28.27
303,Conceicao Do Araguaia,BR,2022-02-04 15:26:19,-8.2578,-49.2647,90.01,57,64,1.99
304,Chiungutwa,TZ,2022-02-04 15:26:19,-10.8833,38.9833,80.64,80,84,5.3
305,Beyneu,KZ,2022-02-04 15:26:20,45.3167,55.2,40.82,73,100,20.2
306,Eyl,SO,2022-02-04 15:26:20,7.9803,49.8164,77.0,53,15,16.91
307,Asau,RO,2022-02-04 15:26:20,46.4333,26.4,41.4,56,87,5.3
308,Nanortalik,GL,2022-02-04 15:26:20,60.1432,-45.2371,12.09,78,100,45.05
309,Caravelas,BR,2022-02-04 15:26:21,-17.7125,-39.2481,81.45,70,100,2.26
310,The Pas,CA,2022-02-04 15:26:21,53.8251,-101.2541,-27.38,75,0,3.44
311,Mina,MX,2022-02-04 15:26:21,26.0011,-100.5299,38.1,52,100,4.9
312,Kanniyakumari,IN,2022-02-04 15:26:22,8.0833,77.5667,79.93,78,0,7.2
313,Bengkulu,ID,2022-02-04 15:26:22,-3.8004,102.2655,73.89,97,100,6.31
314,Dalbandin,PK,2022-02-04 15:26:22,28.8947,64.4101,56.12,19,0,6.04
315,Kieta,PG,2022-02-04 15:26:23,-6.2167,155.6333,81.09,84,100,11.01
316,Tuatapere,NZ,2022-02-04 15:26:23,-46.1333,167.6833,49.82,86,100,4.72
317,Bannu,PK,2022-02-04 15:24:12,32.9854,70.6027,53.78,53,0,1.07
318,Lebu,CL,2022-02-04 15:26:23,-37.6167,-73.65,64.36,78,15,14.32
319,Colonia,DE,2022-02-04 15:23:50,50.9333,6.95,50.05,65,75,1.99
320,North Platte,US,2022-02-04 15:26:24,41.1239,-100.7654,22.32,62,0,4.0
321,Puerto Asis,CO,2022-02-04 15:26:24,0.5133,-76.5007,77.56,76,100,1.52
322,Arlit,NE,2022-02-04 15:26:25,18.7369,7.3853,78.96,7,57,4.56
323,Lake Charles,US,2022-02-04 15:26:25,30.2131,-93.2044,35.62,88,100,19.57
324,Bone,DE,2022-02-04 15:26:25,51.9669,12.1396,48.29,77,100,16.8
325,Petrozavodsk,RU,2022-02-04 15:27:26,61.7849,34.3469,2.66,84,40,2.24
326,Kirakira,SB,2022-02-04 15:27:26,-10.4544,161.9205,79.43,84,100,6.49
327,Pombia,IT,2022-02-04 15:27:26,45.653,8.6336,55.35,65,0,5.75
328,San Jose,US,2022-02-04 15:23:46,37.3394,-121.895,51.85,72,0,3.44
329,Diego De Almagro,CL,2022-02-04 15:27:27,-26.3667,-70.05,74.82,21,0,9.28
330,Garh Maharaja,PK,2022-02-04 15:27:27,30.8339,71.9053,56.89,48,1,5.73
331,Henties Bay,NA,2022-02-04 15:27:27,-22.116,14.2845,68.86,72,1,12.71
332,Coahuayana,MX,2022-02-04 15:27:28,18.7333,-103.6833,78.28,41,7,2.89
333,Sala,MA,2022-02-04 15:27:28,34.0389,-6.8166,68.02,63,40,10.36
334,Severo-Kurilsk,RU,2022-02-04 15:27:28,50.6789,156.125,28.11,87,100,3.78
335,Bowen,AU,2022-02-04 15:27:28,-20.0167,148.2333,75.42,82,100,17.38
336,Souillac,MU,2022-02-04 15:27:29,-20.5167,57.5167,80.37,94,75,17.27
337,Havre-Saint-Pierre,CA,2022-02-04 15:27:29,50.2334,-63.5986,3.79,59,75,18.41
338,Gamba,GA,2022-02-04 15:27:29,-2.65,10.0,82.26,70,53,9.51
339,Beloha,MG,2022-02-04 15:27:30,-25.1667,45.05,79.7,66,1,19.53
340,Senno,RU,2022-02-04 15:27:30,59.5336,33.9167,0.48,100,74,3.87
341,Norman Wells,CA,2022-02-04 15:23:01,65.282,-126.8329,-32.76,68,20,9.22
342,Paraiso,CR,2022-02-04 15:27:30,9.8383,-83.8656,72.88,67,69,5.19
343,Haines Junction,CA,2022-02-04 15:27:31,60.7522,-137.5108,-0.45,78,100,1.14
344,Maceio,BR,2022-02-04 15:22:34,-9.6658,-35.7353,89.04,51,75,13.8
345,Srednekolymsk,RU,2022-02-04 15:27:31,67.45,153.6833,-33.21,100,100,1.25
346,Sabang,ID,2022-02-04 15:27:31,5.8933,95.3214,83.25,74,37,15.5
347,Murray,US,2022-02-04 15:26:23,40.6669,-111.888,25.07,78,0,3.0
348,Along,IN,2022-02-04 15:27:31,28.1667,94.7667,55.44,80,100,3.62
349,Saryg-Sep,RU,2022-02-04 15:27:32,51.5,95.6,-19.01,99,59,2.86
350,Kaitangata,NZ,2022-02-04 15:27:32,-46.2817,169.8464,47.62,93,100,5.93
351,Robinson,US,2022-02-04 15:26:04,31.4677,-97.1147,24.93,71,100,17.27
352,Padang,ID,2022-02-04 15:27:32,-0.9492,100.3543,75.25,93,100,3.47
353,Nuzvid,IN,2022-02-04 15:27:33,16.7833,80.85,76.05,87,9,4.76
354,Nuuk,GL,2022-02-04 15:27:33,64.1835,-51.7216,7.41,85,100,10.36
355,Vostok,RU,2022-02-04 15:27:33,46.4856,135.8833,-11.25,100,100,3.4
356,Parkes,AU,2022-02-04 15:27:33,-33.1333,148.1833,59.36,60,0,11.63
357,Palmer,US,2022-02-04 15:27:34,42.1584,-72.3287,36.21,97,100,5.75
358,Aljezur,PT,2022-02-04 15:27:34,37.3191,-8.8033,60.08,53,100,5.14
359,Ruteng,ID,2022-02-04 15:27:34,-8.6136,120.4721,62.96,92,100,2.59
360,Nagod,IN,2022-02-04 15:27:35,24.5667,80.6,57.43,38,0,5.46
361,Kautokeino,NO,2022-02-04 15:27:35,69.0125,23.0412,9.95,94,100,23.44
362,Clyde River,CA,2022-02-04 15:27:35,70.4692,-68.5914,-3.77,84,100,27.63
363,Talkha,EG,2022-02-04 15:27:36,31.0539,31.3779,54.43,81,58,15.68
364,Sitka,US,2022-02-04 15:27:36,57.0531,-135.33,42.69,87,100,11.5
365,Ca Mau,VN,2022-02-04 15:27:36,9.1769,105.15,77.94,76,100,11.86
366,Verkhnevilyuysk,RU,2022-02-04 15:27:37,63.4453,120.3167,-20.27,99,72,2.89
367,Lodja,CD,2022-02-04 15:27:37,-3.4833,23.4333,86.13,47,100,3.8
368,Sakaraha,MG,2022-02-04 15:27:37,-22.9,44.5333,86.16,40,78,14.32
369,Plettenberg Bay,ZA,2022-02-04 15:27:37,-34.0527,23.3716,65.89,62,100,5.44
370,Tura,IN,2022-02-04 15:27:38,25.5198,90.2201,54.14,97,100,4.76
371,Osimo,IT,2022-02-04 15:28:38,43.4828,13.4875,54.9,56,40,1.99
372,San Quintin,MX,2022-02-04 15:28:38,30.4833,-115.95,52.27,33,5,4.79
373,Biritiba-Mirim,BR,2022-02-04 15:28:38,-23.5698,-46.0407,78.84,78,100,3.85
374,Waingapu,ID,2022-02-04 15:28:39,-9.6567,120.2641,79.16,83,100,8.01
375,Pacific Grove,US,2022-02-04 15:28:39,36.6177,-121.9166,51.57,66,0,4.61
376,Sakakah,SA,2022-02-04 15:28:39,29.9697,40.2064,58.57,37,26,12.88
377,Chilmari,BD,2022-02-04 15:28:40,25.5559,89.6715,56.71,94,100,19.57
378,Viedma,AR,2022-02-04 15:28:40,-40.8135,-62.9967,67.42,69,100,8.01
379,Ode,NG,2022-02-04 15:28:40,7.7899,5.7117,93.0,17,3,5.93
380,Manta,EC,2022-02-04 15:28:41,-0.95,-80.7333,78.58,78,75,3.44
381,Urumqi,CN,2022-02-04 15:27:08,43.801,87.6005,0.55,85,75,2.24
382,Acapulco,MX,2022-02-04 15:24:33,16.8634,-99.8901,75.02,78,0,6.91
383,Cayenne,GF,2022-02-04 15:27:17,4.9333,-52.3333,84.24,84,75,5.99
384,Khatanga,RU,2022-02-04 15:28:41,71.9667,102.5,-33.88,100,99,3.62
385,San Carlos De Bariloche,AR,2022-02-04 15:28:41,-41.1456,-71.3082,64.15,42,40,4.61
386,Yulara,AU,2022-02-04 15:28:42,-25.2406,130.9889,71.44,37,1,6.91
387,Jijiga,ET,2022-02-04 15:28:42,9.35,42.8,72.99,10,5,13.8
388,San Pedro,PH,2022-02-04 15:28:42,14.35,121.0167,79.36,74,75,4.61
389,Belmonte,BR,2022-02-04 15:28:43,-15.8631,-38.8828,84.7,57,93,8.05
390,Aguimes,ES,2022-02-04 15:28:43,27.9054,-15.4461,70.66,60,0,11.5
391,Cherlak,RU,2022-02-04 15:28:43,54.155,74.8055,11.3,82,98,9.33
392,Luanda,AO,2022-02-04 15:25:21,-8.8368,13.2343,80.6,74,40,11.5
393,Hualmay,PE,2022-02-04 15:28:44,-11.0964,-77.6139,73.8,75,37,8.3
394,Yerofey Pavlovich,RU,2022-02-04 15:28:44,53.9667,121.9667,0.07,83,100,3.4
395,Mahibadhoo,MV,2022-02-04 15:28:44,3.7833,72.9667,81.91,73,28,8.39
396,Fagernes,NO,2022-02-04 15:24:33,60.9858,9.2324,23.34,92,8,4.65
397,Abu Kamal,SY,2022-02-04 15:28:45,34.4506,40.9171,57.63,40,69,20.36
398,Tasiilaq,GL,2022-02-04 15:28:45,65.6145,-37.6368,17.76,58,100,29.1
399,Aquiraz,BR,2022-02-04 15:28:45,-3.9014,-38.3911,86.22,67,96,12.88
400,Isabela,PH,2022-02-04 15:28:46,6.7085,121.9711,77.05,88,99,6.22
401,Aksarka,RU,2022-02-04 15:28:46,66.5606,67.7975,6.37,96,100,2.51
402,Seoul,KR,2022-02-04 15:24:30,37.5683,126.9778,20.64,58,0,4.61
403,Londoko,RU,2022-02-04 15:28:46,49.0333,131.9833,-16.06,99,43,3.22
404,Ouadda,CF,2022-02-04 15:28:47,8.0777,22.4007,97.27,11,51,7.16
405,Bathsheba,BB,2022-02-04 15:28:47,13.2167,-59.5167,77.61,83,75,25.32
406,Miri,MY,2022-02-04 15:28:47,4.4148,114.0089,77.14,94,40,0.0
407,Eureka,US,2022-02-04 15:23:48,40.8021,-124.1637,44.26,87,100,1.01
408,Havoysund,NO,2022-02-04 15:28:48,70.9963,24.6622,16.03,79,100,30.62
409,Santa Ana,US,2022-02-04 15:26:00,33.7456,-117.8678,59.11,26,20,4.0
410,Muros,ES,2022-02-04 15:28:48,42.7762,-9.0603,58.68,78,99,8.52
411,Manokwari,ID,2022-02-04 15:28:08,-0.8667,134.0833,78.49,79,65,2.06
412,Nouadhibou,MR,2022-02-04 15:28:48,20.931,-17.0347,80.58,18,4,11.5
413,Taoudenni,ML,2022-02-04 15:28:49,22.6783,-3.9836,82.99,5,29,13.02
414,Xai-Xai,MZ,2022-02-04 15:26:23,-25.0519,33.6442,82.24,67,39,14.29
415,Umm Kaddadah,SD,2022-02-04 15:25:09,13.6017,26.6876,77.92,11,3,21.0
416,Shache,CN,2022-02-04 15:28:49,38.4167,77.2406,29.05,39,7,6.55
417,Itarema,BR,2022-02-04 15:28:49,-2.9248,-39.9167,83.93,66,100,13.58
418,Heinola,FI,2022-02-04 15:28:50,61.2056,26.0381,19.99,88,100,14.81
419,Verkhoyansk,RU,2022-02-04 15:29:50,67.5447,133.385,-39.42,100,58,0.13
420,Nchelenge,ZM,2022-02-04 15:29:50,-9.3451,28.734,66.85,89,100,5.21
421,Vestmanna,FO,2022-02-04 15:29:50,62.1564,-7.1664,34.72,64,75,34.52
422,Ukiah,US,2022-02-04 15:29:51,39.1502,-123.2078,47.03,73,32,2.86
423,Birao,CF,2022-02-04 15:29:51,10.2849,22.7882,95.4,9,3,10.58
424,Dongsheng,CN,2022-02-04 15:29:51,39.8161,109.9776,11.17,54,0,8.05
425,Namibe,AO,2022-02-04 15:29:52,-15.1961,12.1522,77.77,60,84,14.03
426,Pangkalanbuun,ID,2022-02-04 15:29:52,-2.6833,111.6167,74.88,93,61,1.54
427,Kendari,ID,2022-02-04 15:29:52,-3.945,122.4989,76.37,90,99,0.94
428,Puerto Leguizamo,CO,2022-02-04 15:29:52,-0.1934,-74.7819,88.12,54,65,1.63
429,Karaton,ID,2022-02-04 15:29:53,-6.3424,106.1045,75.36,94,100,0.43
430,Pemba,MZ,2022-02-04 15:26:21,-12.974,40.5178,86.7,74,40,13.8
431,Jalu,LY,2022-02-04 15:29:53,29.0331,21.5482,60.44,40,3,15.48
432,Jutai,BR,2022-02-04 15:29:53,-5.1833,-68.9,73.17,99,100,0.45
433,Ekibastuz,KZ,2022-02-04 15:29:54,51.6667,75.3667,12.78,77,37,8.05
434,Faya,SA,2022-02-04 15:29:54,18.3851,42.4509,64.51,70,23,9.89
435,Champerico,GT,2022-02-04 15:29:54,14.3,-91.9167,87.76,60,0,7.99
436,La Paz,BO,2022-02-04 15:28:55,-16.5,-68.15,53.58,76,75,8.05
437,Mashivka,UA,2022-02-04 15:29:55,49.4431,34.8669,23.85,89,100,10.58
438,Ilhabela,BR,2022-02-04 15:29:55,-23.7781,-45.3581,81.05,81,95,6.13
439,Koslan,RU,2022-02-04 15:29:56,63.4564,48.8989,-3.23,100,75,2.66
440,Sechura,PE,2022-02-04 15:29:56,-5.5569,-80.8222,76.62,63,36,6.82
441,Pokosnoye,RU,2022-02-04 15:29:56,55.5258,101.0536,9.68,94,100,4.47
442,Makakilo City,US,2022-02-04 15:29:56,21.3469,-158.0858,67.28,84,0,5.75
443,Orkney,ZA,2022-02-04 15:29:57,-26.9802,26.6727,75.4,54,76,12.33
444,Harnosand,SE,2022-02-04 15:29:57,62.6323,17.9379,33.82,98,100,21.56
445,Quatre Cocos,MU,2022-02-04 15:29:57,-20.2078,57.7625,80.1,86,100,16.26
446,Shakawe,BW,2022-02-04 15:29:58,-18.3667,21.85,82.53,50,77,7.47
447,Amberley,US,2022-02-04 15:29:58,39.2048,-84.428,21.34,88,100,1.99
448,Sipe Sipe,BO,2022-02-04 15:29:58,-17.45,-66.3833,73.89,53,100,3.24
449,Kahramanmaras,TR,2022-02-04 15:29:59,38.0,37.0,36.23,98,100,3.85
450,Mirabad,AF,2022-02-04 15:29:59,30.4362,61.8383,59.86,22,0,6.98
451,Broome,US,2022-02-04 15:29:59,42.2506,-75.833,23.77,77,100,1.99
452,Igrim,RU,2022-02-04 15:29:59,63.1906,64.4162,-5.73,100,72,3.76
453,Lima,PE,2022-02-04 15:26:50,-12.0432,-77.0282,75.38,72,0,1.01
454,Neyveli,IN,2022-02-04 15:30:00,11.536,79.4824,75.54,76,68,10.78
455,Hargeysa,SO,2022-02-04 15:30:01,9.56,44.065,65.7,38,0,10.45
456,Nanyuki,KE,2022-02-04 15:30:01,0.0167,37.0728,63.72,58,99,10.49
457,Amahai,ID,2022-02-04 15:30:02,-3.3333,128.9167,78.89,84,98,5.59
458,Zyryanskoye,RU,2022-02-04 15:30:03,56.8306,86.6258,19.87,87,100,15.43
459,Narok,KE,2022-02-04 15:30:04,-1.0783,35.8601,70.07,43,97,4.9
460,Nyurba,RU,2022-02-04 15:30:04,63.2842,118.3319,-25.83,100,52,2.13
461,Goderich,CA,2022-02-04 15:30:05,43.7501,-81.7165,12.9,78,81,6.91
462,Lucapa,AO,2022-02-04 15:30:06,-8.4192,20.7447,67.14,94,100,3.85
463,Torbay,CA,2022-02-04 15:31:07,47.6666,-52.7314,34.75,95,100,16.11
464,Aban,RU,2022-02-04 15:31:07,56.67,96.06,11.64,93,88,6.06
465,Luderitz,NA,2022-02-04 15:31:07,-26.6481,15.1594,76.26,59,3,15.64
466,Denpasar,ID,2022-02-04 15:26:57,-8.65,115.2167,78.46,88,40,3.44
467,San Cristobal,VE,2022-02-04 15:31:08,7.7669,-72.225,69.98,49,47,2.08
468,Chiang Rai,TH,2022-02-04 15:31:08,19.9167,99.9167,68.13,86,0,3.44
469,Corbelia,BR,2022-02-04 15:31:09,-24.7989,-53.3067,76.35,96,100,11.99
470,Calabozo,VE,2022-02-04 15:31:09,8.9242,-67.4293,91.71,38,14,8.88
471,Olga,RU,2022-02-04 15:31:10,43.7444,135.2892,8.1,59,13,15.55
472,Yuncheng,CN,2022-02-04 15:31:10,35.0231,110.9928,29.1,45,24,0.78
473,Kalmar,SE,2022-02-04 15:31:10,56.6616,16.3616,41.14,99,100,12.66
474,Meulaboh,ID,2022-02-04 15:31:11,4.1363,96.1285,77.9,86,100,4.12
475,Abu Samrah,SY,2022-02-04 15:31:11,35.3029,37.1841,46.85,86,100,16.64
476,Jambi,ID,2022-02-04 15:31:11,-1.6,103.6167,73.51,94,24,2.37
477,Gornozavodsk,RU,2022-02-04 15:31:12,58.3758,58.3211,24.12,95,100,7.43
478,Cairns,AU,2022-02-04 15:29:18,-16.9167,145.7667,77.11,97,100,6.91
479,Pathein,MM,2022-02-04 15:31:12,16.7833,94.7333,69.98,66,36,4.99
480,Umm Lajj,SA,2022-02-04 15:31:12,25.0213,37.2685,64.67,46,4,18.21
481,Roebourne,AU,2022-02-04 15:31:13,-20.7833,117.1333,86.38,65,96,2.84
482,Nador,MA,2022-02-04 15:31:13,35.174,-2.9287,73.47,28,0,11.5
483,Storforshei,NO,2022-02-04 15:31:14,66.4043,14.5233,22.78,63,75,12.66
484,Tokur,RU,2022-02-04 15:31:14,53.1333,132.9,-11.4,99,100,3.04
485,Christchurch,NZ,2022-02-04 15:28:31,-43.5333,172.6333,56.91,91,100,1.99
486,Cortez,US,2022-02-04 15:31:14,37.3489,-108.5859,23.41,78,0,0.0
487,Severnyy,RU,2022-02-04 15:31:15,50.677,36.5532,26.64,86,100,8.95
488,Grand-Santi,GF,2022-02-04 15:31:15,4.25,-54.3833,78.26,92,100,2.77
489,Chegdomyn,RU,2022-02-04 15:31:15,51.1167,133.0167,-12.28,99,100,0.65
490,Aswan,EG,2022-02-04 15:31:16,24.0934,32.907,65.5,19,0,16.11
491,Rawah,IQ,2022-02-04 15:31:16,34.4816,41.9093,54.61,46,71,7.49
492,Bandarbeyla,SO,2022-02-04 15:31:16,9.4942,50.8122,76.15,61,2,11.61
493,Evensk,RU,2022-02-04 15:31:16,61.95,159.2333,13.41,44,61,19.93
494,Klaksvik,FO,2022-02-04 15:31:17,62.2266,-6.589,36.52,68,96,46.64
495,Villacarrillo,ES,2022-02-04 15:31:17,38.1156,-3.0848,55.0,43,100,4.81
496,Camacari,BR,2022-02-04 15:31:18,-12.6975,-38.3242,89.37,64,35,7.34
497,Koungheul,SN,2022-02-04 15:31:18,13.9833,-14.8,98.44,5,0,8.08
498,Puqi,CN,2022-02-04 15:31:18,29.7167,113.8833,40.95,71,0,2.84
499,Zyryanka,RU,2022-02-04 15:31:19,65.75,150.85,-40.85,100,100,1.63
500,La Ronge,CA,2022-02-04 15:31:19,55.1001,-105.2842,-34.35,67,40,3.44
501,Halifax,CA,2022-02-04 15:27:40,44.6453,-63.5724,33.22,98,100,1.99
502,Sept-Iles,CA,2022-02-04 15:30:03,50.2001,-66.3821,0.05,56,75,5.99
503,Turukhansk,RU,2022-02-04 15:31:19,65.8167,87.9833,12.4,94,100,13.76
504,Kyabe,TD,2022-02-04 15:31:20,9.4515,18.9449,93.33,9,40,6.08
505,Siguiri,GN,2022-02-04 15:31:20,11.6667,-9.5,94.96,7,0,4.63
506,Gidole,ET,2022-02-04 15:31:21,5.65,37.3667,68.99,36,100,2.28
507,Yeppoon,AU,2022-02-04 15:31:21,-23.1333,150.7333,74.98,73,100,22.93
508,Inongo,CD,2022-02-04 15:32:21,-1.95,18.2667,77.97,75,100,0.11
509,Gao,ML,2022-02-04 15:32:22,16.6362,1.637,81.09,7,0,14.65
510,Kensington,AU,2022-02-04 15:32:22,-33.9167,151.2167,69.51,70,75,5.99
511,Koumac,NC,2022-02-04 15:32:22,-20.5667,164.2833,79.92,88,100,3.94
512,Megion,RU,2022-02-04 15:32:23,61.0296,76.1136,24.82,94,100,9.44
513,Puyang,CN,2022-02-04 15:32:23,29.4603,119.8861,37.8,87,67,1.66
514,Puerto Baquerizo Moreno,EC,2022-02-04 15:32:23,-0.9,-89.6,79.79,74,20,16.11
515,Ostrovnoy,RU,2022-02-04 15:32:24,68.0531,39.5131,3.6,97,85,9.75
516,Los Andes,CL,2022-02-04 15:32:24,-32.8337,-70.5983,77.02,32,0,8.77
517,Kandrian,PG,2022-02-04 15:32:24,-6.2167,149.55,79.57,84,95,12.62
518,Baykalovo,RU,2022-02-04 15:32:25,57.3981,63.7684,25.77,95,100,8.55
519,Thinadhoo,MV,2022-02-04 15:32:25,0.5333,72.9333,82.15,73,99,9.93
520,Mattawa,US,2022-02-04 15:32:25,46.7379,-119.9028,29.26,97,100,1.99
521,Ginir,ET,2022-02-04 15:32:26,7.1333,40.7,68.31,22,2,6.49
522,Dvinskoy,RU,2022-02-04 15:32:26,62.1535,45.1175,-8.91,100,50,1.7
523,Cascais,PT,2022-02-04 15:32:26,38.6979,-9.4215,62.47,65,40,1.01
524,Channel-Port Aux Basques,CA,2022-02-04 15:32:27,47.5702,-59.1367,25.7,95,100,12.06
525,Huilong,CN,2022-02-04 15:32:27,31.8111,121.655,42.04,69,4,8.1
526,Fershampenuaz,RU,2022-02-04 15:32:28,53.5202,59.8117,18.25,91,100,6.31
527,Redmond,US,2022-02-04 15:28:10,47.674,-122.1215,44.85,88,100,1.01
528,Birin,NP,2022-02-04 15:32:28,26.8865,88.0718,40.93,94,100,2.73
529,Southbridge,US,2022-02-04 15:32:28,42.0751,-72.0334,35.92,97,100,10.98
530,Cabalitian,PH,2022-02-04 15:32:29,16.0883,120.7922,72.68,85,32,5.08
531,Kushima,JP,2022-02-04 15:32:29,31.4583,131.2333,40.12,74,1,7.54
532,Salalah,OM,2022-02-04 15:32:29,17.0151,54.0924,77.09,61,0,5.75
533,Paamiut,GL,2022-02-04 15:32:30,61.994,-49.6678,7.79,70,100,14.25
534,Sobolevo,RU,2022-02-04 15:32:30,54.4299,31.8996,5.2,100,71,3.27
535,Ratnagiri,IN,2022-02-04 15:32:30,16.9833,73.3,71.46,64,63,5.32
536,Babu,CN,2022-02-04 15:32:31,24.4167,111.5167,43.29,85,2,4.79
537,Mangrol,IN,2022-02-04 15:32:31,21.1167,70.1167,68.61,55,2,6.8
538,Tabou,CI,2022-02-04 15:32:31,4.423,-7.3528,84.34,66,92,10.25
539,Ust-Barguzin,RU,2022-02-04 15:32:32,53.45,108.9833,0.19,98,100,2.62
540,Kincardine,GB,2022-02-04 15:30:20,56.0667,-3.7167,42.89,89,36,16.02
541,Barrhead,GB,2022-02-04 15:32:32,55.7992,-4.3929,40.48,81,65,1.99
542,El Tigre,VE,2022-02-04 15:32:32,8.8875,-64.2454,87.69,35,45,11.39
543,Bilma,NE,2022-02-04 15:32:33,18.6853,12.9164,72.05,12,4,4.72
544,Mahajanga,MG,2022-02-04 15:32:33,-15.7167,46.3167,80.62,78,40,8.05
545,Agadez,NE,2022-02-04 15:32:34,19.75,10.25,68.65,16,46,9.78
546,Deputatskiy,RU,2022-02-04 15:32:34,69.3,139.9,-28.26,100,88,2.8
547,Kalmunai,LK,2022-02-04 15:32:34,7.4167,81.8167,76.64,72,7,5.48
548,Te Anau,NZ,2022-02-04 15:32:34,-45.4167,167.7167,44.26,95,96,3.71
549,Vestmannaeyjar,IS,2022-02-04 15:32:35,63.4427,-20.2734,29.39,80,20,16.11
550,Leua,SK,2022-02-04 15:32:35,48.2156,18.6071,42.75,80,100,1.39
551,Uberaba,BR,2022-02-04 15:32:35,-19.7483,-47.9319,82.98,61,75,4.61
552,Lewiston,US,2022-02-04 15:32:36,44.1003,-70.2148,21.83,93,100,17.27
553,Tabuk,PH,2022-02-04 15:33:36,17.4189,121.4443,68.99,93,48,4.92
554,Spassk,RU,2022-02-04 15:33:37,52.747,87.7545,3.07,99,50,2.46
555,Saint-Francois,FR,2022-02-04 15:33:37,46.4154,3.9054,48.42,78,100,5.75
556,Huarmey,PE,2022-02-04 15:33:37,-10.0681,-78.1522,75.78,72,32,10.49
557,Portland,US,2022-02-04 15:32:00,45.5234,-122.6762,39.63,95,75,3.0
558,Monster,NL,2022-02-04 15:33:38,52.0258,4.175,41.99,81,75,14.0
559,Lundazi,ZM,2022-02-04 15:33:38,-12.2929,33.1782,63.95,96,100,10.78
560,Yarada,IN,2022-02-04 15:33:38,17.65,83.2667,79.12,73,40,6.91
561,Biak,ID,2022-02-04 15:33:39,-0.9131,122.8766,76.24,84,100,3.71
562,Geraldton,AU,2022-02-04 15:33:39,-28.7667,114.6,73.81,40,0,5.75
563,Tecoanapa,MX,2022-02-04 15:33:39,16.5167,-98.75,79.93,54,0,2.93
564,Walla Walla,US,2022-02-04 15:33:40,46.0646,-118.343,36.52,94,100,0.0
565,Gualdo Tadino,IT,2022-02-04 15:33:40,43.2317,12.781,52.14,83,91,1.86
566,Batemans Bay,AU,2022-02-04 15:33:40,-35.7167,150.1833,64.09,87,97,6.96
567,Prainha,BR,2022-02-04 15:31:29,-1.8,-53.48,81.05,80,100,4.25
568,Hadgaon,IN,2022-02-04 15:33:41,19.5,77.6667,67.24,20,1,5.99
569,Port Macquarie,AU,2022-02-04 15:33:41,-31.4333,152.9167,62.56,69,80,15.3
570,Dzaoudzi,YT,2022-02-04 15:33:41,-12.7887,45.2699,85.89,74,20,18.41
571,Celestun,MX,2022-02-04 15:33:42,20.8667,-90.4,77.63,74,18,7.72
572,Saquarema,BR,2022-02-04 15:33:42,-22.92,-42.5103,86.14,84,91,6.46
573,Samarai,PG,2022-02-04 15:33:24,-10.6167,150.6667,81.32,80,95,9.24
574,Mayo,US,2022-02-04 15:33:43,38.8876,-76.5119,52.95,95,100,10.36
575,Qui Nhon,VN,2022-02-04 15:33:43,13.7667,109.2333,72.03,87,91,18.59
576,Wuwei,CN,2022-02-04 15:33:43,37.9281,102.6414,20.21,36,99,3.33
577,Masallatah,LY,2022-02-04 15:33:44,32.6167,14.0,61.2,40,0,2.24
578,Kupang,ID,2022-02-04 15:33:44,-10.1667,123.5833,77.95,86,100,7.09
579,Hofn,IS,2022-02-04 15:33:44,64.2539,-15.2082,32.02,55,20,23.02
580,El Espinal,MX,2022-02-04 15:33:45,16.3333,-94.0667,78.39,55,14,14.25
581,Niigata,JP,2022-02-04 15:33:45,37.9022,139.0236,34.92,91,100,22.39
582,Tutoia,BR,2022-02-04 15:33:45,-2.7619,-42.2744,89.58,75,100,11.81
583,Sorland,NO,2022-02-04 15:33:46,67.667,12.6934,31.86,93,40,25.32
584,Manhattan,US,2022-02-04 15:33:46,40.7834,-73.9662,40.03,93,100,4.61
585,Challapata,BO,2022-02-04 15:33:47,-18.9,-66.7667,46.49,78,100,1.66
586,Mao,ES,2022-02-04 15:33:47,39.8885,4.2658,57.76,72,20,11.5
587,Weiser,US,2022-02-04 15:33:12,44.251,-116.9693,22.6,90,59,1.01
588,Inuvik,CA,2022-02-04 15:33:47,68.3499,-133.7218,-19.34,76,0,2.3
589,Dharchula,IN,2022-02-04 15:33:48,29.85,80.5333,36.39,85,97,7.05
590,Lasa,IT,2022-02-04 15:32:57,46.6166,10.7002,49.08,83,4,1.72
591,Zarubino,RU,2022-02-04 15:33:48,42.63,131.0922,12.29,62,62,18.21
592,San Joaquin,US,2022-02-04 15:33:48,37.9333,-121.3011,41.47,85,0,0.0
593,Dunedin,NZ,2022-02-04 15:30:14,-45.8742,170.5036,52.81,78,100,5.99
594,Alice Springs,AU,2022-02-04 15:30:23,-23.7,133.8833,62.15,72,3,1.14
595,Mpika,ZM,2022-02-04 15:33:49,-11.8343,31.4529,60.24,98,100,12.35
596,Lahaina,US,2022-02-04 15:33:49,20.8783,-156.6825,67.8,79,0,2.17
597,Gonbad-E Qabus,IR,2022-02-04 15:33:49,37.25,55.1672,67.15,36,30,6.78
